ano_calendrio,tipo_de_formulrio,faixa_de_rendimento,quantidade_de_declarantes,rendimentos_tributveis,rendimentos_sujeitos_a_tributao_exclusiva,rendimentos_isentos,deduo_previdenciria_total,dedues_previdncia_oficial,dedues_previdencirias_rra,dedues_previdncia_privada_e_fapi,dedues_com_dependentes,dedues_com_instruo,dedues_com_despesas_mdicas,deduo_de_livro_caixa,dedues__com_penso_alimentcia_total,dedues_com_penso_alimentcia_judicial,dedues_com_penso_alimentcia_escritural,dedues_com_penso_alimentcia_rra,desconto_padro,base_de_clculo_rtl,imposto_devido,deduo_de_incentivo,imposto_devido_1,imposto_devido_rra,imposto_devido_total,imposto_pago,imposto_a_pagar,imposto_a_restituir,dvidas___e_nus,doaes_e_heranas_recebidas,bens_e_direitos,previdncia_complementar_vgbl,valores_pagos_com_previdncia_complementar_pgbl,valores_pagos_com_previdncia_complementar_de_natureza_pblica,valores_pagos_com_fapi,despesas_com_instruo,despesas_mdicas,penso_alimentcia_judicial,despesas_com_penso_alimentcia_escritural,despesas_com_profissionais_liberais,despesas_com_arrendamento_rural,outras_despesas,doaes_efetuadas,rendimentos_isentos_id
2020,Completo + Simplificado,Até 22.847.76,11144353,1832899579,63558625,4470583323,5593126512,5350094853,629989598,2367317631,4730766908,198199549,1297123395,1483572571,199825304,175379263,2394969765,496343388,2171231181,1328187567,374246493,25239,374221254,2286957141,2311651162,2413865187,1876418518,2207117761,2519493005,4263692141,3389622265,2381803909,8049941307,1486935326,2340282832,6581706328,2325778986,2922013186,4357174025,2635953317,1511999025,568408484,1724421942,95
2020,Completo + Simplificado,De 22.847.77 até 33.919.80,6879351,2563006506,3094742155,9998394652,8279331766,7893374313,583965075,3801178016,6174121204,3337177455,1158077707,1268627038,1857257152,1673141924,1818644328,225079453,3216529549,1916381388,2587809188,19923666,2587609951,5947161425,2646848548,5712414109,4461249951,3535754623,8065480759,7992269448,9812412974,5926736699,4428556626,900859924,1764944225,6499313257,1379647176,1728892572,1897272356,8866908146,3194883339,1974546017,3200278408,95
2020,Completo + Simplificado,De 33.919.81 até 45.012.60,3924467,203281319,2546905975,72709778,7270546779,6821164535,43047196,4450775244,3783646872,2586044515,9160539959,10389465,1486179554,1338575658,1461325322,147136412,249944637,1529609913,6239156836,96670101,6238190135,5861318885,6296317331,8888397595,1092890442,3733309242,6349926045,6270095103,7706568233,546234431,4882491891,117661574,1856004471,5524402844,1146264514,1380714319,1509451942,7445495562,3576696929,1646937028,3010361072,95
2020,Completo + Simplificado,De 45.012.61 até 55.976.16,2440361,1615962939,2071393255,57647976,6075520381,5606116746,342585089,4659777843,24258086,1970134657,7171353643,8842454257,1188460433,1067887737,1195714466,100124905,1965336783,1222274228,8875820326,18679754,8873952351,587776639,8932237015,1061839677,1520751527,3269651864,520982379,4980043796,6125335617,4366166793,5265704451,1353105532,1826629807,4566254342,935776264,1104638197,124078748,6441010686,3520775314,1371070821,2343749104,95
2020,Completo + Simplificado,Acima de 55.976.16,7246305,1170964001,1905886778,4186636053,7140661022,564760398,3221697,1489835345,1005801038,9072256578,5121898678,139757901,9137888655,8073374253,105978155,473285204,5080837616,9552861324,1871299652,3096236223,1868203416,6365142327,1874538231,1770078281,2218396645,1352529651,3934835992,4844464712,5380249138,4836750516,1375766389,8962239056,31500259,2979463109,5898624726,8179739056,1076709316,4685396285,2556043295,1379376073,3366807998,95
2020,Completo,Até 22.847.76,4294472,7472833856,3595055646,2182524048,5593126512,5350094853,629989598,2367317631,4730766908,198199549,1297123395,1483572571,199825304,175379263,2394969765,496343388,5080837616,4596944916,24696542,25239,246940181,1256690409,1281384429,1513431973,1243178781,1397725318,1202867523,2165874527,1684520.21,1168482155,5612515661,159003855,1604304938,5213871784,1786760881,2506185433,3712362263,1493727625,8638305032,3541748962,1070603413,95
2020,Completo,De 22.847.77 até 33.919.80,2261006,954740913,1251345354,4106995282,8279331766,7893374313,583965075,3801178016,6174121204,3337177455,1158077707,1268627038,1857257152,1673141924,1818644328,225079453,5080837616,6297687496,8519047707,19923666,8517055341,2825485302,8799603871,2574294071,1077513451,1802085029,3233773511,3118032363,3677500971,2638832592,342887308,352632854,1379799244,5836588865,1167618496,1678048038,1822569962,3705697313,1438898704,9101841124,1296490664,95
2020,Completo,De 33.919.81 até 45.012.60,1358971,7830895289,1064809372,3047638234,7270546779,6821164535,43047196,4450775244,3783646872,2586044515,9160539959,10389465,1486179554,1338575658,1461325322,147136412,5080837616,5298308885,2164775259,96670101,2163808558,2279756249,218660612,3831724886,261721223,1906839989,2570084217,238823739,3176365158,1993990326,3843947593,552661801,1433510675,4847916117,9251086262,1342041535,1464987487,3004749988,1123722459,7240946153,1232285662,95
2020,Completo,De 45.012.61 até 55.976.16,870663,6332942536,8787102554,2532442626,6075520381,5606116746,342585089,4659777843,24258086,1970134657,7171353643,8842454257,1188460433,1067887737,1195714466,100124905,5080837616,4361392219,3169602157,18679754,3167734182,2049188525,3188226067,4410743194,3814331273,1603950254,2177799228,2011083134,2551828011,1769266154,4224455778,671824906,1383170906,3945367749,7251171669,1071174139,1198493341,2520019297,1572913479,6213208432,9487397524,95
2020,Completo,Acima de 55.976.16,4118428,8113227181,1335402612,2607588353,7140661022,564760398,3221697,1489835345,1489835345,1489835345,1489835345,1489835345,1489835345,1489835345,1489835345,1489835345,5080837616,6464532259,134828912,3096236223,1345192884,4890886159,1350083771,1334328262,1170458762,1012903674,2543746997,3247740333,3574484393,3288102644,1317076744,8343380559,2898290382,2768382137,5268141241,8110766961,106581498,3075072721,1130262741,9715917653,2271839136,95
2020,Simplificado,Até 22.847.76,6849881,1085616193,2760806854,2288059275,7140661022,564760398,3221697,1489835345,1489835345,1489835345,1489835345,1489835345,1489835345,1489835345,1489835345,1489835345,2171231181,8684930752,127281073,3096236223,127281073,1030266732,1030266733,9004332137,633239737,8093924429,1316625482,2097817614,1705102056,1213321754,2437425646,1327931471,7359778935,1367834543,5390181054,4158277532,6448117616,1142225692,6481685214,2142335878,653818529,95
2020,Simplificado,De 22.847.77 até 33.919.80,4618345,1608265593,1843396801,589139937,7140661022,564760398,3221697,1489835345,1489835345,1489835345,1489835345,1489835345,1489835345,1489835345,1489835345,1489835345,3216529549,1286612638,1735904417,3096236223,1735904417,3121676123,1766888161,3138120038,3383736501,1733669594,4831707248,4874237084,6134912003,3287904107,9996835455,54822707,3851449806,662724392,21202868,5084453461,747023941,5161210833,1755984635,1064361905,1903787744,95
2020,Simplificado,De 33.919.81 até 45.012.60,2565496,1249723661,1482096603,4223339566,7140661022,564760398,3221697,1489835345,1489835345,1489835345,1489835345,1489835345,1489835345,1489835345,1489835345,1489835345,249944637,9997790243,4074381577,3096236223,4074381577,3581562636,4109711211,5056672709,8311692194,1826469253,3779841828,3881857713,4530203075,3468353984,1038544299,623953939,4224937959,676486727,2211558879,386727837,444644556,4440745574,245297447,9228424125,1778075411,95
2020,Simplificado,De 45.012.61 até 55.976.16,1569698,9826686849,1192682999,3232354974,7140661022,564760398,3221697,1489835345,1489835345,1489835345,1489835345,1489835345,1489835345,1489835345,1489835345,1489835345,1965336783,7861350066,5706218169,3096236223,5706218169,3828577865,5744010948,6207653581,1139318399,1665701611,3032024562,2968960662,3573507606,2596900639,1041248673,681280626,4434589005,6208865938,2106590971,3346405817,422941392,392099139,1947861835,7497499775,1395009351,95
2020,Simplificado,Acima de 55.976.16,3127877,3596412826,5704841653,157904.77,7140661022,564760398,3221697,1489835345,1489835345,1489835345,1489835345,1489835345,1489835345,1489835345,1489835345,1489835345,5080837616,3088329065,5230105318,3096236223,5230105318,1474256169,52445446,4357500194,1047937882,3396259776,1391088995,1596724379,1805764745,1548647871,5868964515,6188584969,2517355181,2110809717,6304834852,6897209457,1089433634,1610323564,1425780555,4077843073,1094968862,95
2019,Completo + Simplificado,Até 22.847.76,10691519,1897008579,6421128997,4393398261,5974004915,5702826628,747559289,2637026937,6204425825,2378648731,1286703421,1571298301,2066865181,1819366898,2400250652,747321776,2230861908,1363299617,363425438,"0,08715",363416723,228772311,2318751898,2506200938,1933149955,2300401137,2135767299,6591723413,3251729927,2307099705,8039038219,133404205,2423167169,7384981027,2244769475,2921815786,4376686047,2519476615,1220516021,5018185908,1377553575,95
2019,Completo + Simplificado,De 22.847.77 até 33.919.80,6778426,2554788906,3087065859,9169273169,9953947389,9489838761,715254599,4569560822,848774106,4110690156,1204217672,1380272143,1922872187,1734816312,1851027326,295314207,2919663517,1883845558,2517918139,20902637,2517709113,6125214068,2578755192,5740337348,4385171283,362496313,7393953088,6922420163,9385515873,6381626487,4914126296,903305916,1979542914,8053416678,1409006502,1784024235,1922490831,8774036841,3465708271,1953707225,2857088218,95
2019,Completo + Simplificado,De 33.919.81 até 45.012.60,3781539,1978117871,2537012723,6597374703,8030226042,7509390422,487131876,5159643005,4903427597,3040405984,9333291687,1097953795,1488375745,1341061676,1453718026,194226676,225108844,1474072219,6015625674,91884644,6014706827,5617815359,6070714632,8774531533,1029480126,3783635611,7944953017,5698039614,7225754002,4958641442,5505463482,1120130051,2034553695,6596074848,1150526976,1379957536,1545957676,7160207014,2956956055,1695221432,24017952,95
2019,Completo + Simplificado,De 45.012.61 até 55.976.16,2345622,156281223,2120978609,5546342281,6151640526,5640574257,433353544,5067327334,2997365573,2226597535,7143910768,9090465647,117266679,1054830217,1165156483,132092525,1816286675,1175171285,8540396412,167511509,8538721297,5490111237,8593345271,1044513493,1420137925,3337476973,4869333659,4366013723,6741231115,4626550208,5387449071,1291053433,1957816646,5251381982,9246552801,1091059686,120623402,5980578816,2626232768,1383223364,1932630067,95
2019,Completo + Simplificado,Acima de 55.976.16,6901398,1113928936,1925164367,3845236967,6271019073,4791471152,4101941493,147544598,1109080569,9635431769,5032787824,1498593341,8983941542,7920373119,1057602135,59662882,4813003992,9080647147,1777469787,2341458489,1775128328,6898748917,1782014929,1712373641,1919345397,1379571189,3399282554,4276452824,4841237696,468779891,1304198165,7600564004,3295050669,3249235193,5823995227,8025361721,1075642099,4703606437,1899261514,1358870039,3262204163,95
2019,Completo,Até 22.847.76,4150955,7815770816,380087571,2090655005,5974004915,5702826628,747559289,2637026937,6204425825,2378648731,1286703421,1571298301,2066865181,1819366898,2400250652,747321776,4813003992,4709543099,310296574,"0,08715",310287859,1381174193,141220298,1619466184,1181677355,1490062659,1025532138,2660122011,1724375229,1272592886,5775913013,151942478,1713082158,6027124886,1746468286,2535749521,3700227334,1465218347,7318605787,3216441176,8729448323,95
2019,Completo,De 22.847.77 até 33.919.80,2576811,1094956425,1420643891,3821678115,9953947389,9489838761,715254599,4569560822,848774106,4110690156,1204217672,1380272143,1922872187,1734816312,1851027326,295314207,4813003992,7159794289,9585370354,20902637,958328009,3064472415,9889727332,293775803,1137557259,2062541022,3025375997,2833285468,388734918,2761533339,3996663202,333697621,1589454916,7437233063,1214628465,1738699622,1856686666,3906911298,1218037291,1012873491,1214699158,95
2019,Completo,De 33.919.81 até 45.012.60,1472673,8525732249,1134492326,2957228197,8030226042,7509390422,487131876,5159643005,4903427597,3040405984,9333291687,1097953795,1488375745,1341061676,1453718026,194226676,4813003992,5736364164,233908677,91884644,2338167923,2602173832,2364189662,4170505897,2763198975,2082636133,4567417291,2440627533,2886970162,2157127902,4494469239,502558279,1600489555,5921734844,943201178,1344340477,1456660611,315191502,1393478039,8085837282,1238737234,95
2019,Completo,De 45.012.61 até 55.976.16,896560,654668622,9728823321,2433130507,6151640526,5640574257,433353544,5067327334,2997365573,2226597535,7143910768,9090465647,117266679,1054830217,1165156483,132092525,4813003992,4486563444,3254968949,167511509,3253293834,2012657214,3273420406,4586290784,3899475903,1702817968,2015875005,1724261517,2686564451,1957464685,4357902979,599088643,1497965217,4588340506,7229490257,1057922044,1168295302,2398369415,1255864476,6372564684,8206972597,95
2019,Completo,Acima de 55.976.16,3941678,7732458398,1348293617,2450247622,6271019073,6271019073,6271019073,6271019073,6271019073,6271019073,6271019073,6271019073,6271019073,6271019073,6271019073,6271019073,4813003992,6155116584,1281704337,2341458489,1279362879,5294199941,1284657079,1281438422,1040835681,1008649106,2223844651,2781795147,3263618267,3169984435,1243060414,6970762262,3025584178,3012100787,5188535549,7955219364,1063507791,3080941551,9708502844,9653077424,210814494,95
2019,Simplificado,Até 22.847.76,6540564,1115431498,2620253287,2302743257,6271019073,6271019073,6271019073,6271019073,6271019073,6271019073,6271019073,6271019073,6271019073,6271019073,6271019073,6271019073,2230861908,8923453071,53128864,2341458489,53128864,9065489175,9065489175,8867347542,7514726,8103384772,111023516,3931601402,1527354698,1034506819,2263125206,1182099572,7100850109,135785614,4983011892,3860662652,6764587132,1054258268,4886554419,1801744732,5046087429,95
2019,Simplificado,De 22.847.77 até 33.919.80,4201615,1459832481,1666421968,5347595054,6271019073,6271019073,6271019073,6271019073,6271019073,6271019073,6271019073,6271019073,6271019073,6271019073,6271019073,6271019073,2919663517,1167866129,1559381104,2341458489,1559381104,3060741653,1589782459,2802579318,3247614023,1562422107,4368577091,4089134695,5498166693,3620093148,9174630947,569608295,3900879977,6161836147,1943780367,4532461241,658041652,4867125542,224767098,9408337333,164238906,95
2019,Simplificado,De 33.919.81 até 45.012.60,2308866,1125544646,1402520397,3640146506,6271019073,6271019073,6271019073,6271019073,6271019073,6271019073,6271019073,6271019073,6271019073,6271019073,6271019073,6271019073,225108844,9004358022,3676538904,2341458489,3676538904,3015641527,370652497,4604025636,7531602288,1700999478,3377535726,3257412081,433878384,2801513541,1010994243,617571772,4340641398,6743400033,2073257981,356170598,892970655,4008291994,1563478016,8866377036,1163057966,95
2019,Simplificado,De 45.012.61 até 55.976.16,1449062,9081436084,1148096277,3113211774,6271019073,6271019073,6271019073,6271019073,6271019073,6271019073,6271019073,6271019073,6271019073,6271019073,6271019073,6271019073,1816286675,7265149409,5285427463,2341458489,5285427463,3477454023,5319924865,5858844145,1030190334,1634659005,2853458654,2641752206,4054666663,2669085524,1029546091,69196479,459851429,6630414758,2017062544,3313764234,379387185,3582209401,1370368292,7459668961,1111932807,95
2019,Simplificado,Acima de 55.976.16,2959720,3406830962,5768707494,1394989345,6271019073,6271019073,6271019073,6271019073,6271019073,6271019073,6271019073,6271019073,6271019073,6271019073,6271019073,6271019073,4813003992,2925530563,4957654494,2341458489,4957654494,1604548976,4973578494,4309352195,8785097159,3709220834,1175437903,1494657676,1577619429,1517814475,6113775049,6298017425,2694664911,2371344056,6354596781,7014235674,1213430857,1622664887,9284112291,3935622962,1154059223,95
2018,Completo + Simplificado,Até 22.847.76,11026712,1948185703,579392348,3867542607,6027698021,5743064103,9335658,27529826,6444863981,244117916,1164785315,1448907501,2071712967,1829293747,2341699296,824929015,2328253826,1414538173,353703437,35007,35366843,1939103012,1969829044,2869613127,2032910731,2701036103,1984160042,3849925877,2745433394,207797541,7911835966,1321100102,2482704377,7041425576,2035249554,2859574993,4007379739,2564415521,1308907411,5967650902,1507287237,95
2018,Completo + Simplificado,De 22.847.77 até 33.919.80,6851986,2570755048,30366866,8618077376,101229054,9620179244,86901218,4940360351,8696720808,4218215596,1139209704,132715618,1935020697,17455761,1860306052,34139917,2936031046,1900230786,2514391146,18115923,2514209987,5594032216,2554202926,1082322571,4537503335,8747384567,7147424837,772337588,867404673,5810247685,5126959054,90036493,2166569266,8002594459,1345422918,1796560143,1929423288,8256680526,2962361303,2021898618,2491343835,95
2018,Completo + Simplificado,De 33.919.81 até 45.012.60,3715748,1939998165,2444499388,6279576751,7983363169,7429999239,58273304,5475365997,492753662,3071504258,8825417059,1083308687,1490377109,134369444,1445370682,214560089,2185259964,1447657099,5899762596,82429717,5898938299,5677488461,5907005231,9877228348,1048392739,5068171374,5659467894,565425905,6458944698,4829981277,5648327339,1040857859,2263854756,6460422599,1095201347,1383136561,1503015477,6824564618,2474943223,1815722254,2404925562,95
2018,Completo + Simplificado,De 45.012.61 até 55.976.16,2289891,1523688332,2014535788,5438410598,6068273194,5535831681,381921976,528622293,3020864874,2237397678,6707859074,9119374593,1163550279,1047988786,1143274154,123407792,1752881782,1147301328,833927715,15060442,8337771106,5149385212,8349854873,9980873155,1436477823,3131064952,4863254585,4316905185,5435302231,4281927145,5349741435,1117257629,2148152078,5094350297,872496353,1083786411,1186503811,5599101828,2528841328,1510385336,2115290183,95
2018,Completo + Simplificado,Acima de 55.976.16,6568080,1044918607,1704219877,3546226252,5833889424,4446327743,322180889,1384339872,1083558949,9390265352,4571117141,1433167272,8610694844,7593137575,1011726744,583052503,4516375143,8525365679,1659567246,1966476354,165760077,5886151003,1658531867,158388938,1850945297,1252286079,3084198688,3882600982,4464993567,4204941852,120930809,4451765131,3292777366,3015375648,531531923,7694494929,1025975122,4389772151,1792663849,1447654933,2381411817,95
2018,Completo,Até 22.847.76,4210097,7840582406,3422870434,1899660579,6027698021,5743064103,9335658,27529826,6444863981,244117916,1164785315,1448907501,2071712967,1829293747,2341699296,824929015,125349563,4832360928,308934606,35007,308899599,1203183447,1233909478,1616942417,1357605457,1507127523,9582584179,1900902671,1333046413,1128802188,5538365189,122259808,1742207247,5794954268,1565271486,249430358,3426127189,1505178336,8017944128,403504587,9308541785,95
2018,Completo,De 22.847.77 até 33.919.80,2616176,110273.88,1420941849,3656332967,101229054,9620179244,86901218,4940360351,8696720808,4218215596,1139209704,132715618,1935020697,17455761,1860306052,34139917,125349563,7258176426,9644967526,18115923,9643155934,2883321877,9774141199,2833139579,1173712145,1973096674,2920431208,3169887743,3511181488,2610742016,4177454709,296483688,1729954946,74245722,115058195,1749854376,1864694605,3847982478,1523627787,1089138022,1079406508,95
2018,Completo,De 33.919.81 até 45.012.60,1472762,84736777,1150801166,2869586523,7983363169,7429999239,58273304,5475365997,492753662,3071504258,8825417059,1083308687,1490377109,134369444,1445370682,214560089,125349563,573552701,2337554948,82429717,2336730651,2709862879,231544246,4017252304,2830183218,1984828166,2521822012,2223327698,2889482225,215428981,46166806,418763332,1795763191,5834864624,8929253069,1347136525,1450195505,3091190475,1105065597,9139516468,1338236068,95
2018,Completo,De 45.012.61 até 55.976.16,891418,647247182,9099765536,2271743785,6068273194,5535831681,381921976,528622293,3020864874,2237397678,6707859074,9119374593,1163550279,1047988786,1143274154,123407792,125349563,4461483564,3238052334,15060442,323654629,226088699,3220291984,443823342,4058707293,1623812166,2039492992,180259189,2231820658,1787507487,4301559968,445266009,1653410958,4478239749,6794369581,1051027001,1146380315,240317869,1272779847,7092812056,1075812318,95
2018,Completo,Acima de 55.976.16,3793041,7264647827,1214406569,2320224159,5833889424,4446327743,322180889,1384339872,1083558949,9390265352,4571117141,1433167272,8610694844,7593137575,1011726744,583052503,125349563,5792464946,1197499784,1966476354,1195533307,470728175,1195306378,1186263813,1016626916,9262012624,2045742132,2403692514,3052871827,2826321678,1147012549,3868423301,3012369974,2804997826,4727560711,7628096947,1016917835,274793384,9875945236,1060182365,1534229617,95
2018,Simplificado,Até 22.847.76,6816615,1164127462,2371053046,1967882027,125349563,125349563,125349563,125349563,125349563,125349563,125349563,125349563,125349563,125349563,125349563,125349563,2328253826,9313020799,44768831,2321163468,44768831,7359195654,7359195654,1252670711,675305274,119390858,1025901624,1949023206,1412386981,9491732227,2373470777,1198840294,7404971303,1246471308,4699780676,3652714136,5812525499,1059237185,5071129977,1932605032,5764330589,95
2018,Simplificado,De 22.847.77 até 33.919.80,4235810,1468016248,1615744751,496174441,125349563,125349563,125349563,125349563,125349563,125349563,125349563,125349563,125349563,125349563,125349563,125349563,2936031046,1174413143,1549894394,2321163468,1549894394,2710710339,1576788806,7990086131,336379119,6774287893,4226993629,4553488137,5162865242,319950567,9495043454,603881242,4366143201,5780222594,194840968,4670576696,647286824,4408698049,1438733516,9327605965,1411937327,95
2018,Simplificado,De 33.919.81 até 45.012.60,2242986,1092630395,1293698222,3409990229,125349563,125349563,125349563,125349563,125349563,125349563,125349563,125349563,125349563,125349563,125349563,125349563,2185259964,8741043984,3562207648,2321163468,3562207648,2967625582,3591562771,5859976044,7653744174,3083343209,3137645883,3430931353,3569462473,2675691467,1031646739,622094527,4680915656,6255579755,2022760405,3600003537,528199715,3733374144,1369877626,9017706073,1066689494,95
2018,Simplificado,De 45.012.61 até 55.976.16,1398473,8764411499,1104559235,3166666813,125349563,125349563,125349563,125349563,125349563,125349563,125349563,125349563,125349563,125349563,125349563,125349563,1752881782,7011529718,5101224816,2321163468,5101224816,2888498222,5129562889,5542639735,1030607094,1507252787,2823761594,2514313296,3203481573,2494419658,1048181467,67199162,49474112,6161105477,193059395,3275940994,401234967,3195923138,1256061481,80110413,1039477865,95
2018,Simplificado,Acima de 55.976.16,2775039,3184538247,4898133077,1226002094,125349563,125349563,125349563,125349563,125349563,125349563,125349563,125349563,125349563,125349563,125349563,125349563,4516375143,2732900733,4620674625,2321163468,4620674625,1178869253,4632254887,3976255676,8343183811,3260848168,1038456556,1478908468,1412121.74,1378620174,6229554129,5833418302,2804073913,2103778218,5877585189,6639798142,905728677,1641838311,8050693255,3874725686,8471821992,95
2017,Completo + Simplificado,Até 22.847.76,10947973,1922096235,5842733498,3639244049,5954073234,5656944052,1065993671,2864692459,6480259631,2416321792,1016774362,1405700254,2120937158,1883752522,2290879985,809663727,2321163468,1404529497,339423756,21226,33940253,1887249568,191815241,1777796644,2430173653,1761816502,2445393187,5059412734,2686617525,2118445821,8057610515,1078723708,2454295724,6585818232,1824206921,293270388,3976305377,2173922718,107025736,4981427008,1568551173,95
2017,Completo + Simplificado,De 22.847.77 até 33.919.80,6736887,2531946853,300414333,7987306498,1026132626,9712580533,1016514755,538580583,9007483086,4351958695,1077639048,1311331645,1996446264,1807098856,1861949693,315243827,2867281008,1868169388,2471501374,17894704,2471322427,5260948091,2508158017,5852944648,442022335,3812825298,1065353134,7007046655,9082243662,2808398419,5517268765,788528944,2359715609,7959460308,1269728646,1851555135,1922092609,7696838789,2835040086,1909444469,2943689058,95
2017,Completo + Simplificado,De 33.919.81 até 45.012.60,3602619,1882758016,2351599835,5839900457,7899112539,7308738164,694047356,5834339021,5039363627,3163797045,8209163969,1063833746,1462392724,1317808754,1428622907,172167932,2107664623,1403614917,5720930113,74237027,5720187742,4751234218,5718592938,8317904189,100951582,366132445,6848487743,5009239526,6064796562,5124230131,5796765069,1218222463,2416314308,6418711163,1023590568,1353239402,1472962153,6166362842,2600451891,1653653728,2063433043,95
2017,Completo + Simplificado,De 45.012.61 até 55.976.16,2157260,1437046529,1895344439,4996521333,5782881374,5220293292,443499614,5581530856,3003790399,227251457,6161966734,8576966807,1128054502,1012107468,1147981511,114888372,1644107707,1080566716,7849508635,12629778,7848245657,4174211047,785103173,9346246544,1367788847,2928761315,4357698559,3917658813,5372049461,4286916132,5607500703,988707201,2250286152,4912843563,8026484366,1043168033,1182511572,4902908502,2061495554,1409624664,1928642052,95
2017,Completo + Simplificado,Acima de 55.976.16,6158444,9737603989,1668181574,3317534662,5379849303,4047278313,322819515,1329342794,1047649769,9320661253,4052735851,138290082,8213704877,7247856325,9604344112,541414058,4292102246,7946736528,1543172546,1650789981,1541521756,5706831168,1542387648,1466358287,1765427573,1155273355,4313786871,3995668348,4222452298,4432751132,116953205,2647750359,3312481741,2815416998,4735713598,7342617277,9740020727,3810500352,1834894001,1390357026,2554582297,95
2017,Completo,Até 22.847.76,4131566,7615139665,3397531801,1849149869,5954073234,5656944052,1065993671,2864692459,6480259631,2416321792,1016774362,1405700254,2120937158,1883752522,2290879985,809663727,2321163468,4760635749,310957172,21226,310935946,1153172373,1184075216,169422888,1753687318,1684141815,1440011674,3451039131,1300952391,1093226928,561599586,89368306,1760172387,5463173154,1401268647,2588528483,3433676495,1259810727,6447181548,3187108756,1031675497,95
2017,Completo,De 22.847.77 até 33.919.80,2600086,1098305636,1410375283,3436661907,1026132626,9712580533,1016514755,538580583,9007483086,4351958695,1077639048,1311331645,1996446264,1807098856,1861949693,315243827,2321163468,7212562718,9583268186,17894704,9581478716,2672239443,9691792364,2911249776,1173217819,2059392322,2905991962,306842041,327352745,2588574557,4518965752,242907921,1907023004,74626099,1087855204,1811791227,1866368371,3449152375,1152818835,1055369712,1111016035,95
2017,Completo,De 33.919.81 até 45.012.60,1440363,8289253079,1098723462,2658508159,7899112539,7308738164,694047356,5834339021,5039363627,3163797045,8209163969,1063833746,1462392724,1317808754,1428622907,172167932,2321163468,5605486714,2280524487,74237027,2279782117,2086148225,2251913844,3905625997,2756805962,1929392749,3874100258,2047680215,2608525108,2106094447,4738971214,374994759,1919797012,5833194422,8304008289,1320825444,1431838102,2628775209,966645014,8803118324,9567598701,95
2017,Completo,De 45.012.61 até 55.976.16,845389,6149924292,8526035997,2112090474,5782881374,5220293292,443499614,5581530856,3003790399,227251457,6161966734,8576966807,1128054502,1012107468,1147981511,114888372,2321163468,4229233866,3066682953,12629778,3065419975,1773900713,3044239945,4192023338,3918971921,1539680585,182733843,1573338028,2428375675,1802196772,4512330289,34156478,1721358417,4368230644,6241210757,101475556,1151050383,2042683426,932072174,656990963,7883657475,95
2017,Completo,Acima de 55.976.16,3521590,6707424369,1193142046,2149732129,5379849303,4047278313,322819515,1329342794,1047649769,9320661253,4052735851,138290082,8213704877,7247856325,9604344112,541414058,2321163468,5345767133,1102984429,1650789981,1101333639,465096833,1101150376,1086905282,9763601947,8339092591,2719538472,262270465,2872944534,3045964092,1104952716,2138270809,3007601007,2621992755,4192129322,7278603027,9658379428,252630838,1022133767,1013809252,1737303089,95
2017,Simplificado,Até 22.847.76,6816407,1160582269,2445201697,179009418,125349563,125349563,125349563,125349563,125349563,125349563,125349563,125349563,125349563,125349563,125349563,125349563,2321163468,9284659221,28466584,2321163468,28466584,7340771948,7340771948,835677639,676486335,7767468719,1005381514,1608373603,1385665134,1025218894,2441614655,989355402,6941233378,1122645078,4229382742,3441753969,5426288819,9141119914,425539205,1794318253,5368756759,95
2017,Simplificado,De 22.847.77 até 33.919.80,4136801,1433641217,1593768047,4550644591,125349563,125349563,125349563,125349563,125349563,125349563,125349563,125349563,125349563,125349563,125349563,125349563,2867281008,1146913116,1513174556,2321163468,1513174556,2588708648,153897878,2941694872,324700553,1753432976,7747539378,3938626244,5808716212,2549540963,9983030122,545621023,452692605,4968504083,1818734413,3976390767,557242384,4247686414,1682221251,8540747568,1832673024,95
2017,Simplificado,De 33.919.81 até 45.012.60,2162256,1053832708,1252876373,3181392297,125349563,125349563,125349563,125349563,125349563,125349563,125349563,125349563,125349563,125349563,125349563,125349563,2107664623,8430662461,3440405626,2321163468,3440405626,2665085993,3466679093,4412278192,7338352242,1731931701,2974387485,2961559311,3456271454,3018135684,1057793856,843227704,4965172966,5855167412,1931897387,3241395794,411240513,3537587633,1633806877,7733418951,1106673173,95
2017,Simplificado,De 45.012.61 até 55.976.16,1311871,8220541002,1042740839,2884430859,125349563,125349563,125349563,125349563,125349563,125349563,125349563,125349563,125349563,125349563,125349563,125349563,1644107707,6576433295,4782825682,2321163468,4782825682,2400310334,4806791785,5154223206,9758916547,138908073,2530360129,2344320786,2943673786,248471936,1095170414,647142421,5289277343,5446129184,1785273609,2841247272,314611887,2860225075,112942338,7526337008,1140276305,95
2017,Simplificado,Acima de 55.976.16,2636854,303017962,4750395271,1167802533,125349563,125349563,125349563,125349563,125349563,125349563,125349563,125349563,125349563,125349563,125349563,125349563,4292102246,2600969395,440188117,2321163468,440188117,1055862838,4412372724,3794530048,789067378,3213640957,1594248399,1372963698,1349507763,138678704,6457933408,5094795494,3048807344,193424243,5435842765,6401424994,816412987,1284191973,8127602347,3765477744,8172792085,95
2016,Completo + Simplificado,Até 22.847.76,11143299,1977010308,562011972,3332962086,5975247785,5680476336,1172310702,2830483421,6785406545,2421993076,8897786346,1410615662,2141169448,1906800358,2251702819,919880838,2439078277,1456780292,290053393,11495,290041898,1644493537,1673342049,2304046544,164697813,2162501248,1868030921,3717512357,2441909805,2005889111,7447325718,909142709,2314274838,6152766978,1595899136,2881724175,3926144728,2066795143,966008279,5921943026,1672572948,95
2016,Completo + Simplificado,De 22.847.77 até 33.919.80,6615989,2480736874,3075295619,7756661707,1014358127,9586287927,1196738365,5453259541,9122386001,4454392422,1002866216,1401785137,2018295375,1829099582,1845521758,464361742,2799773649,1829068485,2385288995,18978427,2385099211,4585970079,2414190225,5293591463,4495577218,3355921061,6552825405,6819179256,8659329175,5758877532,5573166961,725053266,2398031404,7851492811,1192710977,1870079085,190358998,7186658522,2875543755,1972131874,2626612605,95
2016,Completo + Simplificado,De 33.919.81 até 45.012.60,3439202,1797883626,2281689322,5672340925,763234251,7021094506,734749128,6039005126,5029296398,3186717527,7527159766,1052971356,1442129021,1300103781,1396743857,235085464,1995847773,1339592683,5456033026,75673191,5455276294,4395624836,5449732918,7713858448,9897438278,330738054,530941599,4968607342,6599231838,483221249,623551112,845510423,2437966144,6227261247,9436414078,1334065279,1433382354,5652668995,2888282373,1736742946,207173421,95
2016,Completo + Simplificado,De 45.012.61 até 55.976.16,2041474,1357764992,1752197579,4770445133,5415832798,4835004106,406108213,5767676093,2935840585,2226820132,555203792,8235725963,1116686765,1001510127,1135967226,157991552,1556162099,1021440874,7403214835,12792144,7401935621,3320279869,7396340873,8761815713,1316813062,2749310741,4186829784,4173184125,456875681,4110681653,5887929494,803582694,2288745388,4638655701,7282195419,1028478741,1171675408,4426516413,2574401708,1375253492,1725654659,95
2016,Completo + Simplificado,Acima de 55.976.16,5676493,8879956843,1565837375,3102700765,4828686523,3572509023,2681869696,125349563,9857113987,8796495249,3481473795,1302476342,7719611008,6812565693,9024018097,464350599,4031749407,7251786034,1402375789,1498420554,1400877368,4711949022,1401057931,1324212129,1651318624,1045564444,2809428508,3327312132,3862045168,4207883286,1113140408,1797843412,3119233646,2507617553,4098453768,6896841645,9151637091,3524218789,189003005,1644493773,2718739847,95
2016,Completo,Até 22.847.76,4067437,7574706204,3248472615,1613763281,5975247785,5680476336,1172310702,2830483421,6785406545,2421993076,8897786346,1410615662,2141169448,1906800358,2251702819,919880838,125349563,4811484318,290053393,11495,290041898,9936248022,1022473314,1469059527,999880527,1376811001,7955833251,1919813875,1177044741,1048561825,5167430709,89522611,1638267748,5130204542,1213015269,2561833111,3421234565,1209873481,6290911471,3956604269,1178045774,95
2016,Completo,De 22.847.77 até 33.919.80,2561272,108084936,1515266899,3309836776,1014358127,9586287927,1196738365,5453259541,9122386001,4454392422,1002866216,1401785137,2018295375,1829099582,1845521758,464361742,125349563,709158336,934061494,18978427,9338717098,2214841645,9392514401,2754255556,1190899673,1934094083,270278922,282414045,3088250632,248230742,4480412579,204696384,1933075888,7398439968,1012367982,1832282943,185133002,314570904,1523831128,1069476943,1194471599,95
2016,Completo,De 33.919.81 até 45.012.60,1391288,7999593637,1067466191,2587296219,763234251,7021094506,734749128,6039005126,5029296398,3186717527,7527159766,1052971356,1442129021,1300103781,1396743857,235085464,125349563,5412531979,220008664,75673191,2199329908,2097572807,2170806012,3739165627,2752714796,1843631095,2274192701,2056939573,2431442058,2124143048,4987874459,275571741,1929699724,5674582326,7612692684,1302823974,1399783064,2423115269,1596860587,9141128764,9802824407,95
2016,Completo,De 45.012.61 até 55.976.16,798200,5796837076,7767950056,1904990342,5415832798,4835004106,406108213,5767676093,2935840585,2226820132,555203792,8235725963,1116686765,1001510127,1135967226,157991552,125349563,3989757997,2888300777,12792144,2887021563,1638534663,2864609363,3916546461,3814287967,1433365895,1684511329,1619041223,1791116127,1579192083,4662230416,283152235,1736727363,4128191978,5619896108,1003632634,113937941,1890484081,1197341404,6503935228,5804136122,95
2016,Completo,Acima de 55.976.16,3199511,6030597426,110666948,1991704285,4828686523,3572509023,4828686523,125349563,9857113987,8796495249,3481473795,1302476342,7719611008,6812565693,9024018097,464350599,125349563,4805601557,9880818655,1498420554,986583445,3742779932,9857948388,9691820442,9126378315,7465098855,1858827721,1997862857,2554783933,2723779602,1044669642,1384038959,2808654392,2332312783,3604986149,6837286045,9064668878,2278857627,1058711489,1182948803,181742824,95
2016,Simplificado,Até 22.847.76,7075862,1219539688,2371647105,1719198805,4828686523,4828686523,4828686523,125349563,125349563,125349563,125349563,125349563,125349563,125349563,125349563,125349563,2439078277,9756318604,125349563,125349563,125349563,6508687347,6508687347,8349870171,647097603,7856902469,1072447596,1797698482,1264865064,957327286,2279895009,819620098,6760070904,1022562437,3828838662,3198910645,5049101625,8569216625,3369171319,1965338757,4945271738,95
2016,Simplificado,De 22.847.77 até 33.919.80,4054717,1399887514,156002872,4446824931,4828686523,4828686523,4828686523,125349563,125349563,125349563,125349563,125349563,125349563,125349563,125349563,125349563,2799773649,1119910149,1451227501,125349563,1451227501,2371128434,1474938785,2539335907,3304677546,1421826978,3850036185,3995038806,5571078543,3276570113,1092754382,520356882,4649555165,4530528434,180342995,3779614252,522599603,4040949482,1351712627,9026549315,1432141007,95
2016,Simplificado,De 33.919.81 até 45.012.60,2047914,9979242621,1214223131,3085044705,4828686523,4828686523,406108213,125349563,125349563,125349563,125349563,125349563,125349563,125349563,125349563,125349563,1995847773,7983394848,3255946386,125349563,3255946386,2298052029,3278926907,3974692821,7144723481,1463749445,3035223288,2911667769,416778978,2708069442,1247636661,569938682,5082664203,5526789209,1823721395,3124130433,335992902,3229553726,1291421786,8226300695,1091451769,95
2016,Simplificado,De 45.012.61 até 55.976.16,1243274,778081284,9754025738,2865454791,4828686523,4828686523,406108213,125349563,125349563,125349563,125349563,125349563,125349563,125349563,125349563,125349563,1556162099,6224650741,4514914058,125349563,4514914058,1681745206,453173151,4845269252,9353842651,1315944846,2502318455,2554142902,2777640684,253148957,1225699078,520430459,5520180252,510463723,1662299311,2484610736,322959983,2536032332,1377060304,724859969,1145241046,95
2016,Simplificado,Acima de 55.976.16,2476982,2849359417,459167895,111099648,4828686523,4828686523,406108213,125349563,125349563,125349563,125349563,125349563,125349563,125349563,125349563,125349563,4031749407,2446184476,4142939235,125349563,125349563,125349563,125349563,3550300851,7386807924,2990545589,9506007874,1329449276,1307261236,1484103684,1484103684,1484103684,1484103684,1484103684,1484103684,1484103684,1484103684,1484103684,1484103684,1484103684,1484103684,95
2015,Completo + Simplificado,Até 22.499.13,10991315,1928111188,504171359,3236182933,8703924988,4828686523,406108213,125349563,1008331382,2618669217,1050817158,1370080616,2727432519,125349563,125349563,125349563,238916248,1423245824,2745711471,125349563,125349563,125349563,125349563,1778675742,1903154162,1677915001,2332303514,3695157781,2127267481,1484103684,1484103684,1484103684,1484103684,1484103684,1484103684,1484103684,1484103684,1484103684,1484103684,1484103684,1484103684,95
2015,Completo + Simplificado,De 22.499.14 a 33.477.72,6123411,2271618993,2619733954,7504211793,9771129203,4828686523,406108213,125349563,1039014248,450558211,9131839431,1402408746,1915293061,125349563,125349563,125349563,2491330448,1666565694,2161638577,125349563,125349563,125349563,125349563,4742823127,4321913645,2989222557,6352519336,6675080676,6878593929,1484103684,1484103684,1484103684,1484103684,1484103684,1484103684,1484103684,1484103684,1484103684,1484103684,1484103684,1484103684,95
2015,Completo + Simplificado,De 33.477.73 a 44.476.74,3250838,1681509604,2041822089,5763239371,7311868841,4828686523,406108213,125349563,6050193047,3203164676,6939338839,1019381495,1413862832,125349563,125349563,125349563,1834597507,1249408905,5060959793,125349563,125349563,125349563,125349563,7100241504,9725887438,3002245889,5121430009,5333121082,520968813,1484103684,1484103684,1484103684,1484103684,1484103684,1484103684,1484103684,1484103684,1484103684,1484103684,1484103684,1484103684,95
2015,Completo + Simplificado,De 44.476.75 a 55.373.55,1924400,1265701386,1570196881,4656958582,4952518076,4828686523,406108213,125349563,3696499932,2189456087,5053159747,8155145529,1081500774,125349563,125349563,125349563,1454560148,9506010167,6876280852,125349563,125349563,125349563,125349563,8160226907,1246748643,2531386526,4165538473,4263232487,4176116381,1484103684,1484103684,1484103684,1484103684,1484103684,1484103684,1484103684,1484103684,1484103684,1484103684,1484103684,1484103684,95
2015,Completo + Simplificado,Acima de 55.373.56,5228880,8079962535,140214779,3063439538,435895198,4828686523,406108213,125349563,1109414324,826202694,3039897215,1203844453,7256236021,125349563,125349563,125349563,3767936179,6594958703,1273981301,125349563,125349563,125349563,125349563,1223661414,1450579399,9623945774,270511636,3641364773,3439683256,1484103684,1484103684,1484103684,1484103684,1484103684,1484103684,1484103684,1484103684,1484103684,1484103684,1484103684,1484103684,95
2014,Completo + Simplificado,Até 21.453.24,11265904,2003968382,4378991655,2948402923,7936671473,4828686523,406108213,125349563,7119157737,2507837187,9082047628,1913826445,2557335324,125349563,125349563,125349563,2556595106,1493544588,1023834474,125349563,125349563,125349563,125349563,1625163951,1688662513,1539682873,1542426134,3641364773,1886507507,1484103684,1484103684,1484103684,1484103684,1484103684,1484103684,1484103684,1484103684,1484103684,1484103684,1484103684,1484103684,95
2014,Completo + Simplificado,De 21.453.25 até 32.151.48,6266023,2233473348,2518828322,7057948393,9651025167,4828686523,406108213,125349563,8827777159,4588512636,8875621225,2055852894,1921840929,125349563,125349563,125349563,2424499586,163181709,2175243927,125349563,125349563,125349563,125349563,4571251458,4543014396,2850308971,8352914361,3641364773,6426869352,1484103684,1484103684,1484103684,1484103684,1484103684,1484103684,1484103684,1484103684,1484103684,1484103684,1484103684,1484103684,95
2014,Completo + Simplificado,De 32.151.49 a 42.869.16,3243168,1617881907,188279391,566865688,6946281945,4828686523,406108213,125349563,478502675,3129731158,6570387903,1302114963,136604425,125349563,125349563,125349563,1767243158,1200161721,4938012086,125349563,125349563,125349563,125349563,6770723629,9776851034,2810396646,4994245731,3641364773,5010755732,1484103684,1484103684,1484103684,1484103684,1484103684,1484103684,1484103684,1484103684,1484103684,1484103684,1484103684,1484103684,95
2014,Completo + Simplificado,De 42.869.17 a 53.565.72,1849868,117859743,1450244143,3957069877,46295034,4828686523,406108213,125349563,2733846282,2112206791,4765709469,9418498542,1028936067,125349563,125349563,125349563,1335554376,8829214739,6464690381,125349563,125349563,125349563,125349563,7542332954,1239274048,2316916622,3824520674,3641364773,3711707616,1484103684,1484103684,1484103684,1484103684,1484103684,1484103684,1484103684,1484103684,1484103684,1484103684,1484103684,1484103684,95
2014,Completo + Simplificado,Acima de 53.565.72,4956120,7341157566,1231462049,2754937002,3895285657,4828686523,406108213,125349563,853604529,7718604234,2728385784,1188922383,6772315495,125349563,125349563,125349563,3391440261,5990484507,1153667478,125349563,125349563,125349563,125349563,1103667452,136230499,8623156309,2379380364,3641364773,3060438529,1484103684,1484103684,1484103684,1484103684,1484103684,1484103684,1484103684,1484103684,1484103684,1484103684,1484103684,1484103684,95
2013,Completo + Simplificado,Até R$ 19.645.32,11288770,1919355914,4156315769,2520629978,8548190028,4828686523,406108213,125349563,7063977984,2456618537,8346542873,1923028275,2555739851,125349563,125349563,125349563,2438683493,1430881123,9164743265,125349563,125349563,125349563,125349563,1506523275,1012916141,1433751802,1586611265,3641364773,1710056273,1484103684,1484103684,1484103684,1484103684,1484103684,1484103684,1484103684,1484103684,1484103684,1484103684,1484103684,1484103684,95
2013,Completo + Simplificado,De R$ 19.645.33 a 29.442.00,5936645,2033566244,2311704399,6517762694,9003022861,4828686523,406108213,125349563,8421638485,446599707,8255611489,211422577,178662229,125349563,125349563,125349563,2155894295,1477529635,1954628593,125349563,125349563,125349563,125349563,414814254,4152788365,2638282376,5758123705,3641364773,5749863514,1484103684,1484103684,1484103684,1484103684,1484103684,1484103684,1484103684,1484103684,1484103684,1484103684,1484103684,1484103684,95
2013,Completo + Simplificado,De R$ 29.442.01 a R$ 39.256.56,2996197,1436712585,1673009049,5154357029,6297637143,4828686523,406108213,125349563,4475927851,2947487427,5956076357,1284944988,1258086714,125349563,125349563,125349563,1531202712,1061392344,4368900001,125349563,125349563,125349563,125349563,5974088117,8844235507,2548496685,4676446547,3641364773,4426911082,1484103684,1484103684,1484103684,1484103684,1484103684,1484103684,1484103684,1484103684,1484103684,1484103684,1484103684,1484103684,95
2013,Completo + Simplificado,De R$ 39.256.57 a R$ 49.051.80,1697756,1039149733,1285134078,347386901,417691555,4828686523,406108213,125349563,256272927,1975796677,4302537096,9030219133,9603992466,125349563,125349563,125349563,1148038115,7755338112,5678259949,125349563,125349563,125349563,125349563,657836581,1105935955,2077225991,3284291768,3641364773,3190267866,1484103684,1484103684,1484103684,1484103684,1484103684,1484103684,1484103684,1484103684,1484103684,1484103684,1484103684,1484103684,95
2013,Completo + Simplificado,Maior que R$ 49.051.80,4575048,6503268542,1130998159,2286483766,343372127,4828686523,406108213,125349563,7860856697,7098804983,2415893089,1086518556,6383057809,125349563,125349563,125349563,2964758277,5299782633,102138953,125349563,125349563,125349563,125349563,9659526538,1214730998,7805771645,2130487028,3641364773,2778717.18,1484103684,1484103684,1484103684,1484103684,1484103684,1484103684,1484103684,1484103684,1484103684,1484103684,1484103684,1484103684,95
2012,Completo + Simplificado,Até R$ 19.645.32,11376866,1821911124,3825968729,2251198052,6511786739,4828686523,406108213,125349563,6607800165,2188829636,680050808,1790654513,2278624628,125349563,125349563,125349563,2339037564,1367749707,9099109873,125349563,125349563,125349563,125349563,1472774871,1093632728,1400944478,1373975747,3641364773,1459010648,1484103684,1484103684,1484103684,1484103684,1484103684,1484103684,1484103684,1484103684,1484103684,1484103684,1484103684,1484103684,95
2012,Completo + Simplificado,De R$ 19.645.33 a 29.442.00,5687373,1868038816,1807789804,5783933633,8080211648,4828686523,406108213,125349563,811035079,4235689821,7666705957,1896138655,1649040989,125349563,125349563,125349563,1970481994,1354610393,1794614156,125349563,125349563,125349563,125349563,3795563483,3964399109,2425818757,6879177726,3641364773,5096380602,1484103684,1484103684,1484103684,1484103684,1484103684,1484103684,1484103684,1484103684,1484103684,1484103684,1484103684,1484103684,95
2012,Completo + Simplificado,De R$ 29.442.01 a R$ 39.256.56,2871538,1318385398,1428652105,46513772,5674906839,4828686523,406108213,125349563,433655621,2823373571,5494167914,1153629123,113148306,125349563,125349563,125349563,139790359,9724545048,3991968995,125349563,125349563,125349563,125349563,536685377,8204221564,2251341136,3858877325,3641364773,3980968237,1484103684,1484103684,1484103684,1484103684,1484103684,1484103684,1484103684,1484103684,1484103684,1484103684,1484103684,1484103684,95
2012,Completo + Simplificado,De R$ 39.256.57 a R$ 49.051.80,1598482,9377443717,1045852456,3161650998,3732160442,4828686523,406108213,125349563,2421626782,1864607934,3913998463,8078069002,8393403788,125349563,125349563,125349563,1030059939,6989513655,5121411017,125349563,125349563,125349563,125349563,5796516115,1025787206,1768445192,2808748919,3641364773,2828025487,1484103684,1484103684,1484103684,1484103684,1484103684,1484103684,1484103684,1484103684,1484103684,1484103684,1484103684,1484103684,95
2012,Completo + Simplificado,Maior que R$ 49.051.80,4339597,6021480584,1003449041,2052795404,3127714195,4828686523,406108213,125349563,7556803204,6895499789,2204881498,9827494175,5965474482,125349563,125349563,125349563,2658940112,4919973656,9574666264,125349563,125349563,125349563,125349563,8966027538,1150580593,6528119561,1851485135,3641364773,2434065554,1484103684,1484103684,1484103684,1484103684,1484103684,1484103684,1484103684,1484103684,1484103684,1484103684,1484103684,1484103684,95
2011,Completo + Simplificado,Até R$ 18.799.32,11537137,173812722,3786284299,2070437025,6090402771,4828686523,406108213,125349563,6564155846,2026835116,5876158827,1606031008,210158039,125349563,125349563,125349563,2207526659,1309845344,8815826143,125349563,125349563,125349563,125349563,1426954905,757790161,1352769576,1055417861,3641364773,1279608308,1484103684,1484103684,1484103684,1484103684,1484103684,1484103684,1484103684,1484103684,1484103684,1484103684,1484103684,1484103684,95
2011,Completo + Simplificado,De R$ 18.799.33 a R$ 28.174.20,5362389,1684756055,1739716471,5274570714,7524671764,4828686523,406108213,125349563,7677482604,3950517107,7035766096,1660300994,1466031966,125349563,125349563,125349563,1745543159,1217073254,1583633158,125349563,125349563,125349563,125349563,3523562901,3405902677,2307668259,198743641,3641364773,4563827686,1484103684,1484103684,1484103684,1484103684,1484103684,1484103684,1484103684,1484103684,1484103684,1484103684,1484103684,1484103684,95
2011,Completo + Simplificado,De R$ 28.174.21 a R$ 37.566.12,2582590,1133022886,1302024666,4191733897,5035543237,4828686523,406108213,125349563,3878682623,2476768354,4781462227,1031686861,9358274577,125349563,125349563,125349563,1185596915,8330908537,3392906539,125349563,125349563,125349563,125349563,4650962193,7049608183,2016844051,346148161,3641364773,3443495098,1484103684,1484103684,1484103684,1484103684,1484103684,1484103684,1484103684,1484103684,1484103684,1484103684,1484103684,1484103684,95
2011,Completo + Simplificado,De R$ 37.566.13 a R$ 46.939.56,1418792,7950513576,9458202801,2755030832,3268152179,4828686523,406108213,125349563,2142156372,1625493145,3386603836,7337169311,7183543049,125349563,125349563,125349563,8593418728,5903825532,4305279295,125349563,125349563,125349563,125349563,4935447461,8629903858,1555467059,2440241166,3641364773,2430096317,1484103684,1484103684,1484103684,1484103684,1484103684,1484103684,1484103684,1484103684,1484103684,1484103684,1484103684,1484103684,95
2011,Completo + Simplificado,Maior que R$ 46.939.56,3997277,5348318281,1052898869,1915000095,2845624134,4828686523,406108213,125349563,69301999,6272304542,1956973295,8685323841,5452588652,125349563,125349563,125349563,2285029467,4366271211,8529879236,125349563,125349563,125349563,125349563,8048297144,9965036258,6070552349,1752930695,3641364773,2121863763,1484103684,1484103684,1484103684,1484103684,1484103684,1484103684,1484103684,1484103684,1484103684,1484103684,1484103684,1484103684,95
2010,Completo + Simplificado,Até R$ 17.989.80,11866352,1693373142,2955427843,1821931431,6452055847,4828686523,406108213,125349563,6765073846,2060296012,5648764346,1458692825,2195578827,125349563,125349563,125349563,2106575859,1276274629,6807064104,125349563,125349563,125349563,125349563,1376770814,388582789,1319174004,1975304997,3641364773,1128595827,1484103684,1484103684,1484103684,1484103684,1484103684,1484103684,1484103684,1484103684,1484103684,1484103684,1484103684,1484103684,95
2010,Completo + Simplificado,De R$ 17.989.81 a R$ 26.961.00,4971064,1503286243,1445937662,4542015619,7067505473,4828686523,406108213,125349563,7294442391,3834382214,6518375872,1443964214,1341688518,125349563,125349563,125349563,1497416628,1078649764,1390770779,125349563,125349563,125349563,125349563,3113351298,312695619,206131869,1091811997,3641364773,4035843894,1484103684,1484103684,1484103684,1484103684,1484103684,1484103684,1484103684,1484103684,1484103684,1484103684,1484103684,1484103684,95
2010,Completo + Simplificado,De R$ 26.961.01 a R$ 35.948.40,2303358,9767332663,1064423228,3538369682,4621610025,4828686523,406108213,125349563,3553970004,2364909578,4364619348,9215066736,8502707836,125349563,125349563,125349563,9783623119,712156649,2901807809,125349563,125349563,125349563,125349563,3985188327,624686115,1757659791,2823060616,3641364773,2941937851,1484103684,1484103684,1484103684,1484103684,1484103684,1484103684,1484103684,1484103684,1484103684,1484103684,1484103684,1484103684,95
2010,Completo + Simplificado,De R$35.948.41 a R$ 44.918.28,1264231,6860829367,7434957202,2290600933,3062733427,4828686523,406108213,125349563,1957255148,1541977074,3093186122,6886304403,659364166,125349563,125349563,125349563,7130337586,5047653914,3684236183,125349563,125349563,125349563,125349563,4237746165,7684854603,1379302089,208558115,3641364773,2118828739,1484103684,1484103684,1484103684,1484103684,1484103684,1484103684,1484103684,1484103684,1484103684,1484103684,1484103684,1484103684,95
2010,Completo + Simplificado,Maior que R$ 44.918.28,3557978,4566566699,7494707885,1584557808,2585526535,4828686523,406108213,125349563,6199436629,5662850978,1724461089,7586981079,4780457875,125349563,125349563,125349563,1889390504,3704419386,7215659831,125349563,125349563,125349563,125349563,6850708914,8509338092,5629697168,1335113582,3641364773,1785368087,1484103684,1484103684,1484103684,1484103684,1484103684,1484103684,1484103684,1484103684,1484103684,1484103684,1484103684,1484103684,95
2009,Completo + Simplificado,Até R$ 17.215.08,13469179,1818418697,2588835007,161996027,6995383911,4828686523,406108213,125349563,7778967276,2273443322,5786499718,1375130719,2110883411,125349563,125349563,125349563,2162449004,1372862697,683005129,125349563,125349563,125349563,125349563,1221550026,81233413,1225965904,9628999736,3641364773,1052564512,1484103684,1484103684,1484103684,1484103684,1484103684,1484103684,1484103684,1484103684,1484103684,1484103684,1484103684,1484103684,95
2009,Completo + Simplificado,De R$ 17.215.09 a R$ 25.800.00,4596490,1346213907,1222844948,3856186364,6755829519,4828686523,406108213,125349563,6937579571,3749842545,7139785567,1270612998,1217863661,125349563,125349563,125349563,1248355586,9507026647,1182007613,125349563,125349563,125349563,125349563,2822830667,2683682283,1933311153,3207984597,3641364773,3535546177,1484103684,1484103684,1484103684,1484103684,1484103684,1484103684,1484103684,1484103684,1484103684,1484103684,1484103684,1484103684,95
2009,Completo + Simplificado,De R$ 25.800.01 a R$ 34.400.40,2028276,8341954632,8928676355,2887510031,4125095578,4828686523,406108213,125349563,3160974237,2133307397,4528953745,8302168562,7436414483,125349563,125349563,125349563,7852960537,6004535569,242980659,125349563,125349563,125349563,125349563,3418889929,5305927061,1564027593,2208391849,3641364773,2531023784,1484103684,1484103684,1484103684,1484103684,1484103684,1484103684,1484103684,1484103684,1484103684,1484103684,1484103684,1484103684,95
2009,Completo + Simplificado,De R$ 34.400.41 a R$ 42.984.00,1114549,5855367405,6057086271,1869697598,273429462,4828686523,406108213,125349563,1731453303,1360332301,3174746839,6027516708,5568749378,125349563,125349563,125349563,5737367522,4265664158,3103933571,125349563,125349563,125349563,125349563,3642949306,633046858,1221187124,1683876309,3641364773,1770359053,1484103684,1484103684,1484103684,1484103684,1484103684,1484103684,1484103684,1484103684,1484103684,1484103684,1484103684,1484103684,95
2009,Completo + Simplificado,Maior que R$ 42.984.00,3175120,3958711474,5800036309,1293536016,2236459663,4828686523,406108213,125349563,5426094484,4970376832,1657653258,668004492,4171960786,125349563,125349563,125349563,1552062813,3201682271,6250328875,125349563,125349563,125349563,125349563,5912645683,7486515964,4771959617,1524823481,3641364773,1516704414,1484103684,1484103684,1484103684,1484103684,1484103684,1484103684,1484103684,1484103684,1484103684,1484103684,1484103684,1484103684,95
2008,Completo + Simplificado,Até R$ 16.437.72,15526351,1867809247,271000951,1563297834,6484071841,4828686523,406108213,125349563,813690453,2436761582,5922739672,1313309837,1918209091,125349563,125349563,125349563,2219932395,1409150287,3289262226,125349563,125349563,125349563,125349563,1759083311,139153982,1763112253,6085427758,3641364773,9910987575,1484103684,1484103684,1484103684,1484103684,1484103684,1484103684,1484103684,1484103684,1484103684,1484103684,1484103684,1484103684,95
2008,Completo + Simplificado,De R$ 16.437.73 a R$ 32.919.00,6359910,2000632287,196772992,6203969294,1058085822,4828686523,406108213,125349563,1017787617,6147725073,1264903534,2092883414,1883233702,125349563,125349563,125349563,1706418085,1394687943,51488297,125349563,125349563,125349563,125349563,823318878,1023265177,4183859086,4849952604,3641364773,5484526562,1484103684,1484103684,1484103684,1484103684,1484103684,1484103684,1484103684,1484103684,1484103684,1484103684,1484103684,1484103684,95
2008,Completo + Simplificado,Maior que R$ 32.919.00,3886094,3998148851,6708758115,1447887687,220700616,4828686523,406108213,125349563,6585317968,5918177738,1893941409,6458796087,430546495,125349563,125349563,125349563,1758486967,3179598134,615742481,125349563,125349563,125349563,125349563,6027480926,6602136079,5935903474,1024304742,3641364773,1486278853,1484103684,1484103684,1484103684,1484103684,1484103684,1484103684,1484103684,1484103684,1484103684,1484103684,1484103684,1484103684,95
2007,Completo + Simplificado,Até R$ 15.764.28,16097232,1842963036,1725726061,8737893757,582643229,4828686523,406108213,125349563,8212128375,2632625147,5702493299,1237191913,1833297341,125349563,125349563,125349563,2353535852,1373548989,4277633221,125349563,125349563,125349563,125349563,185306509,150936441,1853365122,5778613519,3641364773,9109384179,1484103684,1484103684,1484103684,1484103684,1484103684,1484103684,1484103684,1484103684,1484103684,1484103684,1484103684,1484103684,95
2007,Completo + Simplificado,De R$ 15.764.29 a R$ 34.501.44,6037704,1902679009,1139294982,3583318209,9937137868,4828686523,406108213,125349563,982688001,6050892924,122229191,2041291478,1864567436,125349563,125349563,125349563,1637995934,1319475259,5522006909,125349563,125349563,125349563,125349563,8538089349,110316713,417603834,4109478874,3641364773,5310571643,1484103684,1484103684,1484103684,1484103684,1484103684,1484103684,1484103684,1484103684,1484103684,1484103684,1484103684,1484103684,95
2007,Completo + Simplificado,Maior que R$ 31.501.44,3089832,3222877529,487965159,8777746671,1792891762,4828686523,406108213,125349563,529668349,4835399222,1562251148,5470555274,3625022895,125349563,125349563,125349563,1325170542,2562723093,5074682421,125349563,125349563,125349563,125349563,4959938086,5473748789,4627728364,8954564548,3641364773,1219503327,1484103684,1484103684,1484103684,1484103684,1484103684,1484103684,1484103684,1484103684,1484103684,1484103684,1484103684,1484103684,95